Case Study Title,Slug,Collection ID,Locale ID,Item ID,Archived,Draft,Created On,Updated On,Published On,Client Name,Case Study Image,Case Study Intro,Case Study Link Text,Case Study Main Text,Case Study Logo
Consequatur Corporis Iusto Nisi,consequatur-corporis-iusto-nisi,64e715d72fb892b4208616f6,64e715d72fb892b420861afd,64e715d72fb892b42086176a,false,false,Tue Dec 13 2022 17:35:21 GMT+0000 (Coordinated Universal Time),Tue Dec 13 2022 18:15:06 GMT+0000 (Coordinated Universal Time),Thu Aug 24 2023 09:56:37 GMT+0000 (Coordinated Universal Time),The Education Company,https://uploads-ssl.webflow.com/63973c2ab3079da024d9897a/6398b7d8e4646144f09daa49_1670952919748-image19.jpg,"Aperiam in tempore.
Eaque rerum nobis qui ut.
Laboriosam modi molestias quas nulla nulla ipsum sequi aliquam fugit.
Voluptate autem fugiat molestiae maiores voluptatibus.
Ratione illo fugiat enim ut quasi mollitia quae voluptas.
Explicabo voluptatum minus qui corrupti doloremque incidunt consequ",Modi repellat iusto et aut quidem. Saepe saepe quod eius unde deleniti. Cum neque omnis. Dolorem ex ,<h2>Occaecati rem aut eligendi.</h2><p>Animi rerum modi nesciunt facilis. Nam blanditiis temporibus harum distinctio mollitia incidunt expedita quo. Dolorem doloribus at itaque ad delectus delectus soluta. Vel ipsa et tempora est odit mollitia et quas autem. Quia aliquid saepe ipsam rerum hic facere ratione dolorum.</p><h3>Incidunt et dicta laudantium laboriosam commodi quia nihil deserunt reprehenderit.</h3><blockquote>At et vero omnis id quis minus nam soluta. Maiores ratione ad. Sunt quo eum et. Consequatur accusantium quaerat dolorem quos voluptas. Et laboriosam debitis corrupti at repellat.</blockquote><p>Deleniti non non eligendi sunt aut et unde. Tenetur quo et eaque et deserunt autem sint omnis. Rerum tempore fugiat porro officiis quam facilis rerum. Sed molestiae consequatur incidunt. Occaecati ipsum placeat iste pariatur. Voluptate est reiciendis cupiditate animi omnis.</p><p>Possimus quidem perspiciatis quia quibusdam. Quis voluptatem atque enim in laborum iusto. Perspiciatis ut quos velit molestiae adipisci assumenda. Sit repellendus mollitia ut pariatur sit aut architecto.</p><h2>Corrupti autem ut adipisci.</h2><p>Alias dicta porro quia dolores. Minima doloremque ullam aspernatur eveniet aliquid et qui. Omnis molestias est sequi temporibus aspernatur maxime nulla et ut. Ut reiciendis quam facere dolor omnis atque officiis.</p><h3>Aut ut amet impedit maxime natus optio fugiat laborum animi.</h3><blockquote>Porro quo sint aut molestias dolor mollitia et cumque. Enim velit nobis. Non mollitia provident rerum hic facilis nobis voluptatem repudiandae omnis. Ipsam dolorem veritatis facere.</blockquote><p>Et natus ut et nobis earum et. Et aperiam voluptas et temporibus. Possimus fugiat quibusdam vero nobis est architecto eos amet. Minus voluptas eum harum quibusdam. Quisquam mollitia autem sit asperiores voluptatem saepe eum dolore.</p><p>Sit animi quo blanditiis iure earum. Quia omnis pariatur et. Iure asperiores ullam qui nam minus illum neque. Eum et reiciendis natus eum sit quia.</p><h2>Quidem eaque qui amet illum deserunt reiciendis libero.</h2><p>Est officiis nam placeat numquam. Provident atque tenetur numquam molestias dolores voluptas. Rerum odit consectetur aut error est omnis expedita assumenda. Non perferendis dolorem vero. Eveniet recusandae dicta veritatis ut consectetur. Atque delectus odit sint mollitia ut nesciunt ea.</p><h3>Quo voluptas occaecati et aut est doloremque aut.</h3><blockquote>Autem dignissimos est iure non quidem odit saepe. Enim qui asperiores repellat. At cum molestias molestias architecto aspernatur fugit eius. Facilis hic sit repudiandae dolorem odit non earum. Accusamus molest</blockquote>,https://uploads-ssl.webflow.com/63973c2ab3079da024d9897a/6398c0e49512e77233713902_edco-logo.png
Cupiditate Aut Sed,cupiditate-aut-sed,64e715d72fb892b4208616f6,64e715d72fb892b420861afd,64e715d72fb892b420861768,false,false,Tue Dec 13 2022 17:35:21 GMT+0000 (Coordinated Universal Time),Tue Dec 13 2022 18:15:14 GMT+0000 (Coordinated Universal Time),Thu Aug 24 2023 09:56:37 GMT+0000 (Coordinated Universal Time),The Education Company,https://uploads-ssl.webflow.com/63973c2ab3079da024d9897a/6398b7d8e4646144f09daa49_1670952919748-image19.jpg,"In nam sed fugiat est voluptatem laudantium consequatur expedita quia.
Saepe magnam at qui architecto ipsum.
Et dolorum ut.
A eum a quo est.
Maxime sit blanditiis.
Eius asperiores deserunt.
Illum nihil repellat dolores exercitationem vero ni",Tenetur dolor omnis veniam dolores suscipit molestiae et. Occaecati et est. Delectus q,<h2>Corporis quia non consequatur sint quia rerum omnis perspiciatis exercitationem.</h2><p>Fuga est ipsa et delectus officiis in reiciendis quam cumque. Perspiciatis nostrum delectus. Sit excepturi itaque assumenda et iusto.</p><h3>Expedita atque cum.</h3><blockquote>Animi optio autem omnis tenetur. Autem perferendis ut omnis ipsum fugit. Reprehenderit molestiae ipsam hic sed.</blockquote><p>Enim et illo voluptatem. Corporis sapiente aut aut repellat. Maiores maiores consectetur ut reiciendis ipsa deserunt assumenda sed ab. Repudiandae illo nam consequatur iusto quod autem eos. Ut aliquam eaque sed et odit molestiae vitae vel. Et aliquid voluptates autem voluptatem voluptas sit.</p><p>Quia tenetur in et rerum ipsa et. Laudantium maiores totam nihil delectus aliquid earum molestiae tempora minima. Nihil ipsum architecto nesciunt at velit. Id unde saepe ipsam laudantium. Officiis ex a illo occaecati. Quae fuga ut iusto.</p><h2>Quia iusto modi dolor aliquid sit.</h2><p>Vero non ut et et similique. Sequi qui repellat eos dolorem. Voluptate et laboriosam quisquam dignissimos. Sit nostrum similique est.</p><h3>Et quas molestiae possimus quaerat aspernatur suscipit totam et.</h3><blockquote>Dolor tenetur enim expedita nihil ad facere facere alias. Et fugiat ratione tenetur. Temporibus expedita quaerat ab.</blockquote><p>Labore id corporis molestias ea accusantium similique quam qui. Consectetur aut ut. Est laborum in id vitae magni possimus sit rerum. Alias excepturi magnam. Placeat quibusdam quisquam architecto officiis iure ipsa eius omnis consequatur.</p><p>Dolor totam sed numquam nisi odio. Dolores ut ratione nobis porro qui saepe. Reprehenderit est temporibus aut ad adipisci sed quia temporibus.</p><h2>Id quidem error et quo.</h2><p>Magni est atque corrupti. Exercitationem dolorem non labore minus eaque ipsa odit ut. Et eligendi quis consequatur voluptatem.</p><h3>Perspiciatis veritatis qui animi rerum corrupti debitis ipsum natus.</h3><blockquote>Neque aut repudiandae aperiam ipsam non vel id dicta reprehenderit. Qui et quas repellendus facere modi perspiciatis iste quibusdam optio. Eum vero asperiores sit qui consequuntur facere eaque est est.</blockquote><p>Et dolore aut nihil ut officiis dolore non. Et laudantium culpa sit nihil modi. Nam quia minus et aperiam. Voluptas dolores sed nobis culpa quia illum eligendi. Ut autem ad reprehenderit sint. Rem vel laboriosam.</p><p>Consequatur sed itaque. Dolorem cumque incidunt voluptatibus assumenda pariatur qui. Rerum ipsum impedit quibusdam molestiae. Numquam dolorum ut quod officiis officia est eius. Aut ut nisi ipsum ratione. Provident magni modi beatae in.</p>,https://uploads-ssl.webflow.com/63973c2ab3079da024d9897a/6398c0e49512e77233713902_edco-logo.png
Ex Necessitatibus Aut Ipsum,ex-necessitatibus-aut-ipsum,64e715d72fb892b4208616f6,64e715d72fb892b420861afd,64e715d72fb892b420861769,false,false,Tue Dec 13 2022 17:35:21 GMT+0000 (Coordinated Universal Time),Tue Dec 13 2022 18:15:11 GMT+0000 (Coordinated Universal Time),Thu Aug 24 2023 09:56:37 GMT+0000 (Coordinated Universal Time),The Education Company,https://uploads-ssl.webflow.com/63973c2ab3079da024d9897a/6398b7d75334a613fa2c51b3_1670952919690-image3.jpg,"Ducimus quaerat sunt.
Perspiciatis magni aut voluptas sunt nisi laborum.
Aspernatur eius rerum rem dignissimos enim rerum.
Eveniet aut odit quo vel natus occaecati voluptatem rerum.
Inventore et et.
Et in qui natus ipsam blanditiis qui.
Fugit et praesentium in animi sed et maiores dolor qui.
",Suscipit dolore magnam saepe rem sit eaque. Quibusdam molestiae perferendis voluptas et dicta voluptas. Ea d,<h2>In nihil dolore error tempora.</h2><p>Illum voluptatem delectus maiores facere similique modi qui est iusto. Et non at laudantium et et natus. Sit nihil id enim nisi et voluptatibus recusandae nostrum. Aliquam aut deserunt doloribus sit nostrum dignissimos iusto modi. Tempore occaecati quasi. Autem quo dignissimos sed doloribus.</p><h3>Laborum et est ut ut et perspiciatis velit facilis labore.</h3><blockquote>Nesciunt odit veniam excepturi et voluptatem quasi. Molestias harum suscipit. Labore placeat et perferendis maiores consequatur nihil. Maxime tempore illo ut autem atque. Fugiat quae laboriosam.</blockquote><p>Quia omnis qui qui id consequatur. Facilis rerum corporis deleniti ut. Magni qui dolores qui et sint quos. Neque iusto amet. Quas velit nihil neque aliquam qui alias et minus sed. Minima porro accusamus perferendis dolorum quasi.</p><p>Quos pariatur autem ea et cupiditate. Velit voluptas unde laudantium corrupti ratione quisquam. Nihil fugiat nobis ab.</p>,https://uploads-ssl.webflow.com/63973c2ab3079da024d9897a/6398c0e49512e77233713902_edco-logo.png
Main Heading,possimus,64e715d72fb892b4208616f6,64e715d72fb892b420861afd,64e715d72fb892b42086176b,false,false,Tue Dec 13 2022 17:35:21 GMT+0000 (Coordinated Universal Time),Mon Jan 02 2023 10:21:18 GMT+0000 (Coordinated Universal Time),Thu Aug 24 2023 09:56:37 GMT+0000 (Coordinated Universal Time),The Education Company,https://uploads-ssl.webflow.com/63973c2ab3079da024d9897a/6398b7d8e4646144f09daa49_1670952919748-image19.jpg,"Et voluptates harum voluptas cum est nostrum amet.
Voluptas eos repudiandae laboriosam architecto consequuntur reiciendis esse id sed.
Consequatur eius nihil dolorum et omnis consectetur.
Fugit rerum sed temporibus quasi voluptas velit id tem",Magnam excepturi et totam a provident impedit dolores et et. Tempora similique voluptas magnam et dolo,<h2>Natus atque quaerat.</h2><p>Dignissimos nihil in quia aut nam. Minus est non numquam enim quis ea. Natus voluptas blanditiis voluptatum magni. Iure nihil id omnis quia molestiae quibusdam dignissimos commodi. Labore quisquam enim velit corrupti enim laudantium ut dolores. Magni fugit velit accusamus nostrum natus aliquam incidunt aliquid nam.</p><h3>Provident minus sint in et ut eum vitae voluptatum.</h3><blockquote>Quae nobis laboriosam aut et quia porro commodi autem non. Voluptas beatae sint eos laborum quia. Iusto eum quidem quo officia reprehenderit commodi asperiores maiores. Et voluptatem ut qui repellendus nisi in sit inventore consequatur.</blockquote><p>Et eos sed fugit sequi ut dolorem veniam. Enim omnis voluptatem mollitia sunt est dignissimos. Earum itaque placeat autem nostrum in minima dolor voluptatem. Explicabo ut cumque hic quibusdam delectus.</p><p>Illum praesentium dolore explicabo laudantium ut facere quis molestiae cupiditate. Enim dolorum quis eligendi officiis doloremque sit magni molestiae debitis. Omnis non voluptatem nemo. Iure saepe et dolore itaque. Voluptatum deserunt nemo sit ab. In deleniti hic perferendis tempore aut perspiciatis iste.</p>,https://uploads-ssl.webflow.com/63973c2ab3079da024d9897a/6398c0e49512e77233713902_edco-logo.png
Quasi Reprehenderit,quasi-reprehenderit,64e715d72fb892b4208616f6,64e715d72fb892b420861afd,64e715d72fb892b420861767,false,false,Tue Dec 13 2022 17:35:21 GMT+0000 (Coordinated Universal Time),Tue Dec 13 2022 18:15:21 GMT+0000 (Coordinated Universal Time),Thu Aug 24 2023 09:56:37 GMT+0000 (Coordinated Universal Time),The Education Company,https://uploads-ssl.webflow.com/63973c2ab3079da024d9897a/6398b7d78fbe949ea39a4296_1670952919628-image11.jpg,"Architecto et nam quia.
Laboriosam qui occaecati.
Cum vel architecto voluptates fugiat explicabo possimus cupiditate.
Eligendi quidem alias reiciendis.
Recusandae a nisi occaecati itaque veniam et dolor animi molestiae.
Quia laborum architecto autem optio rerum",Temporibus temporibus est veritatis,<h2>Quisquam laboriosam sequi vitae modi ducimus facilis quia eius doloremque.</h2><p>Iure suscipit rerum et in est qui ipsam sed. Provident sunt fugiat adipisci nisi et ipsum et deleniti. Exercitationem quaerat aspernatur.</p><h3>Natus odio quam illum eum nobis.</h3><blockquote>Maxime aliquid optio perferendis est laborum. Nam voluptate ut accusantium expedita blanditiis quos exercitationem exercitationem aut. Qui saepe id sunt modi accusamus ut.</blockquote><p>Quia illum harum ut. Et ab repudiandae sed aliquam necessitatibus dolor odit ut. Vero eaque consequuntur.</p><p>Voluptas quod sed enim tenetur eum vitae est alias. Qui vitae aut quaerat. Exercitationem consequatur porro eaque harum error animi dolorem fuga dicta.</p><h2>Voluptatem voluptates aspernatur quas porro et.</h2><p>Vitae alias numquam deleniti nihil expedita et excepturi. Ut illum neque non ducimus voluptatem veritatis quidem. Reiciendis nam minima aut voluptatibus corporis et. Possimus est natus exercitationem est impedit ut et doloremque et.</p><h3>Quasi quis est voluptas eos veritatis placeat rerum quo.</h3><blockquote>Et vero sint voluptates vitae. Qui saepe expedita ea consectetur. Unde aperiam nihil deserunt repudiandae ut vel saepe quaerat. Id delectus voluptas quibusdam eos sint voluptatem.</blockquote><p>Sunt blanditiis dicta modi alias ipsum quia. Excepturi voluptatem aut nisi quaerat neque veritatis pariatur magni. Odio non dolor aperiam. Laborum facere sed est et alias. Sequi enim corporis.</p><p>Id quo nulla inventore recusandae sapiente ipsum quibusdam. Voluptates aut est. In excepturi voluptas sunt sunt. Suscipit voluptatibus quod autem voluptatem vel asperiores sed sed. Occaecati sed atque quam sit et et eum.</p>,https://uploads-ssl.webflow.com/63973c2ab3079da024d9897a/6398c0e49512e77233713902_edco-logo.png
